Question,Answer
 dmÃ¶gdmg,Merhaba! Sana yardÄ±mcÄ± olabilmem iÃ§in UNIBOND uygulamamÄ±zla ilgili bir sorunuz veya konuÅŸmak istediÄŸiniz bir konu var mÄ±? YardÄ±mcÄ± olmaktan mutluluk duyarÄ±m.
naber kanka hayat nasÄ±l,"Merhaba! Ben UNIBOND CanlÄ± Destek AsistanÄ±yÄ±m ve sadece UNIBOND uygulamasÄ±yla ilgili sorularÄ± cevaplayabilirim. UNIBOND, Ã¼niversite Ã¶ÄŸrencilerine sosyal ve kariyer odaklÄ± destek saÄŸlamak iÃ§in tasarlanmÄ±ÅŸ bir mobil uygulamadÄ±r. EÄŸer UNIBOND ile ilgili herhangi bir sorunuz varsa, memnuniyetle yardÄ±mcÄ± olurum. TeÅŸekkÃ¼rler!"
bu uygulamada insanlarla nasÄ±l tanÄ±ÅŸabilirim,"Merhaba! UNIBOND uygulamasÄ±, kullanÄ±cÄ±larÄ±n kampÃ¼steki etkinliklere katÄ±lmalarÄ±nÄ± saÄŸlayarak yeni insanlarla tanÄ±ÅŸmalarÄ±na olanak tanÄ±r. Uygulamaya kayÄ±t olduktan sonra, ilgi alanlarÄ±na gÃ¶re eÅŸleÅŸmeler yapabilir ve etkinliklere katÄ±larak diÄŸer Ã¼niversite Ã¶ÄŸrencileriyle tanÄ±ÅŸabilirsin. AyrÄ±ca uygulama iÃ§indeki mesajlaÅŸma Ã¶zelliÄŸini kullanarak da yeni insanlarla iletiÅŸime geÃ§ebilir ve baÄŸlantÄ±larÄ±nÄ± artÄ±rabilirsin. UNIBOND, sosyal ve kariyer odaklÄ± iÃ§erikleriyle de kullanÄ±cÄ±larÄ±n yeni arkadaÅŸlÄ±klar ve iÅŸ birlikleri kurmalarÄ±na yardÄ±mcÄ± olur. EÄŸer daha fazla bilgi veya yardÄ±m istersen, her zaman bana sorabilirsin! ğŸ˜Š"
merhaba,Merhaba! Sana nasÄ±l yardÄ±mcÄ± olabilirim? UNIBOND hakkÄ±nda merak ettiÄŸin bir ÅŸey var mÄ±?
ben bir matematik mÃ¼hendisliÄŸi Ã¶ÄŸrencisiyim ve pazartesi gÃ¼nÃ¼ bir hacathona katÄ±lacaÄŸÄ±m ama takÄ±mÄ±mda yazÄ±lÄ±mcÄ± eksiÄŸi var. sence napmalÄ±yÄ±m,"Merhaba! Pazartesi gÃ¼nÃ¼ katÄ±lacaÄŸÄ±nÄ±z hackathonda yazÄ±lÄ±mcÄ± eksikliÄŸiyle karÅŸÄ±laÅŸmanÄ±z Ã¼zÃ¼cÃ¼ olabilir. Ä°ÅŸte yapabileceÄŸiniz bazÄ± adÄ±mlar:

1. **Okulunuzdaki YazÄ±lÄ±m MÃ¼hendisliÄŸi BÃ¶lÃ¼mÃ¼ne BaÅŸvurun:** Okulunuzda yazÄ±lÄ±m mÃ¼hendisliÄŸi bÃ¶lÃ¼mÃ¼nde Ã¶ÄŸrenim gÃ¶ren Ã¶ÄŸrencilerle iletiÅŸime geÃ§ebilir ve hackathon takÄ±mÄ±nÄ±za katÄ±lmalarÄ±nÄ± teklif edebilirsiniz.

2. **Sosyal Medyada PaylaÅŸÄ±m YapÄ±n:** Okulunuzun sosyal medya gruplarÄ±nda veya ilgili platformlarda hackathon hakkÄ±nda bir paylaÅŸÄ±m yaparak yazÄ±lÄ±mcÄ± aradÄ±ÄŸÄ±nÄ±zÄ± belirtebilirsiniz.

3. **UNIBOND UygulamasÄ±nÄ± KullanÄ±n:** UNIBOND uygulamasÄ±nda ilgi alanlarÄ±nÄ±zÄ± belirterek, yazÄ±lÄ±m mÃ¼hendisliÄŸi Ã¶ÄŸrencileriyle eÅŸleÅŸebilir ve takÄ±mÄ±nÄ±za yeni bir Ã¼ye bulabilirsiniz.

4. **Yerel Meetup veya Etkinliklere KatÄ±lÄ±n:** Yaz"
unibond hakkÄ±nda ne dÃ¼ÅŸÃ¼nÃ¼yorsun,"UNIBOND, Ã¼niversite Ã¶ÄŸrencilerine yÃ¶nelik sosyal ve kariyer odaklÄ± bir mobil uygulama. Ã–ÄŸrencilerin kampÃ¼steki etkinliklere katÄ±lmalarÄ±nÄ±, ilgi alanlarÄ±na gÃ¶re eÅŸleÅŸmelerini, yeni arkadaÅŸlÄ±klar ve iÅŸ birlikleri kurmalarÄ±nÄ± destekliyor. AyrÄ±ca yapay zeka destekli Ã¶neri sistemiyle kiÅŸiye Ã¶zel iÃ§erikler sunuyor. Bu sayede Ã¶ÄŸrencilerin kampÃ¼s yaÅŸamlarÄ±nÄ± daha verimli ve keyifli hale getirmelerine yardÄ±mcÄ± oluyor. UygulamanÄ±n geliÅŸtirme aÅŸamasÄ±nda olduÄŸunu unutmayÄ±n ve herhangi bir sorunuz varsa memnuniyetle cevaplamaya Ã§alÄ±ÅŸÄ±rÄ±m."
selam,Merhaba! Size nasÄ±l yardÄ±mcÄ± olabilirim?
mescitte uyumanÄ±n sÄ±rlarÄ± nedir,"ÃœzgÃ¼nÃ¼m, UNIBOND CanlÄ± Destek AsistanÄ± olarak sadece UNIBOND uygulamasÄ±yla ilgili sorularÄ± yanÄ±tlayabiliyorum. BaÅŸka konularda yardÄ±mcÄ± olamam. UNIBOND uygulamasÄ±yla ilgili herhangi bir sorunuz varsa memnuniyetle yardÄ±mcÄ± olabilirim. TeÅŸekkÃ¼rler!"
tamamdÄ±r anladÄ±m,"Harika, baÅŸlamak iÃ§in hazÄ±rÄ±m! EÄŸer herhangi bir sorunuz varsa Ã§ekinmeden sorabilirsiniz. UNIBOND uygulamasÄ± hakkÄ±nda size yardÄ±mcÄ± olmaktan mutluluk duyarÄ±m."
bana Ã¶nerebileceÄŸin aktif bir sanat etkinliÄŸi var mÄ±,"Åu anda UNIBOND uygulamasÄ± Ã¼zerinde bulunduÄŸumuz iÃ§in sana sanat etkinlikleri konusunda yardÄ±mcÄ± olamam. Ancak UNIBOND'u kullanarak kampÃ¼steki sanat etkinliklerine kolayca eriÅŸebilir ve ilgi alanlarÄ±na gÃ¶re Ã¶neriler alabilirsin. UygulamamÄ±z geliÅŸme aÅŸamasÄ±nda olduÄŸu iÃ§in daha fazla Ã¶zellik eklemeyi planlÄ±yoruz, bu yÃ¼zden yakÄ±nda sanat etkinlikleri de Ã¶neriler arasÄ±nda olabilir. UygulamamÄ±zÄ± takipte kalmanÄ± Ã¶neririm!"
ben zaten unibond Ã¼zerinden Ã¶ner demiÅŸtim,"Merhaba! Evet, UNIBOND Ã¼zerinden herhangi bir Ã¶neri veya sorunuz var mÄ±? Size nasÄ±l yardÄ±mcÄ± olabilirim?"
